antecedents,consequents,support,confidence,lift,antecedent_support,consequent_support,conviction,zhangs_metric,jaccard,kulczynski
['习近平的扶贫足迹'],['新时代强国之道'],0.013100436681222707,1.0,45.8,0.013100436681222707,0.021834061135371178,inf,1.0,0.6,0.8
['新时代党员干部不可不知的法律规定'],['新时代强国之道'],0.013100436681222707,1.0,45.8,0.013100436681222707,0.021834061135371178,inf,1.0,0.6,0.8
['新时代强国之道'],['习近平的扶贫足迹'],0.013100436681222707,0.6,45.8,0.021834061135371178,0.013100436681222707,2.467248908296943,0.5946902654867257,0.6,0.8
['新时代强国之道'],['新时代党员干部不可不知的法律规定'],0.013100436681222707,0.6,45.8,0.021834061135371178,0.013100436681222707,2.467248908296943,0.5946902654867257,0.6,0.8
['无人作战系统'],['无人争锋'],0.013100436681222707,0.75,34.35,0.017467248908296942,0.021834061135371178,3.912663755458515,0.7444196428571428,0.5000000000000001,0.675
['无人争锋'],['无人作战系统'],0.013100436681222707,0.6,34.35,0.021834061135371178,0.017467248908296942,2.4563318777292573,0.5928888888888888,0.5000000000000001,0.675
